Age,Annual_Income,Spending_Score
53.922872826571435,51866.53497138802,48.196728663042876
32.230394325490224,117192.83602493176,88.01680315121749
27.255799098060322,48756.935616858944,61.94089992898308
20.655746975508027,45933.83382238539,49.037249131047986
26.071046457895143,47965.50628984192,67.3264007721558
46.54910355113514,128731.46555202923,85.61481506367015
24.29623859987456,38086.001345178316,51.83064329012764
74.48324411941024,66953.24851511419,33.03798285645578
24.516142865001974,41746.78715439086,61.910990680199035
49.960211747682614,140623.14628722277,82.32944408195192
64.96642388702573,63278.10236767598,31.101029813380475
54.75585225444232,50139.813481851925,23.155783603035832
57.5653575460766,56505.88610209426,48.64992504857729
42.17876200671306,117598.00806650039,89.97765715234722
64.49937218125784,62670.879732548274,18.57697847973317
24.069199730219633,45751.50880730939,59.42381202966415
22.482347430332084,44464.848200227214,51.67644426895771
25.291232648044122,44960.13679341691,68.20482181197364
64.54429385814487,78910.97995695489,21.041059841517132
31.571366877429938,35975.58949667741,44.76813095216225
63.66078647219117,55976.20183558926,-0.35472093233163804
75.43339798278548,69899.50507747312,31.69508568104956
77.14585773972112,56055.01742080182,25.04402613427879
73.40959155767858,61690.269538235785,50.6963597971333
20.17755029631632,47649.020889576415,66.50201177958661
38.880298666188715,127031.61384112536,76.77859887259234
60.94575152503033,57602.5868159457,4.955675776775173
26.88503652779284,41108.476372988436,63.2876241030348
68.8303515536503,66637.8593430334,30.286836519419467
64.7080858905773,65854.96563430637,33.46468395390028
47.373491164399766,116214.69746810569,86.14354475810966
22.959925835264528,50838.91030829903,47.48460575809556
64.38047143910572,53729.87467530883,34.63587981373872
65.13479535687227,47751.139979554224,53.55104628636954
24.44302307000855,45176.31775985864,44.84255885002768
26.47575751451952,46038.43843581556,46.65974505081795
70.34119046674871,66054.30943989585,16.437555303912916
60.02901785131852,58124.73759746942,16.187830996565914
25.75147855103763,45432.9489373645,57.5876394214367
23.56247728646413,54823.625664581945,62.029230208513
22.513014967233783,42386.3848974048,69.98010109859652
43.05911590729386,150937.87378864718,93.68629059951478
27.215399739986232,46920.327244696535,59.50536290347567
21.25665045410545,45532.151138459485,48.803301053738565
69.10141593920287,64086.336708220755,35.600051783592974
24.340984336487463,44360.41204259617,85.26932425873622
66.04004998622244,49661.89843915505,30.52217602372159
37.371718427149524,124787.61765628771,81.3740127278159
41.322350287051165,96561.81214670186,76.27226855827841
44.954405016778985,144370.1768770434,75.98586024872156
56.02082446945953,59685.54169897895,30.864442335404938
45.61148751516142,107727.0167486654,79.3327458647163
47.942892022103045,107351.30107025712,80.33793073910735
53.63481925616703,97429.19438953497,73.44916147093167
62.28745800300152,57960.35365157042,26.14508680658506
20.69241354646168,34633.04883795926,64.77040827223121
50.199523436980385,142819.74077883677,92.58021169698286
43.31457014440981,113945.27305137005,72.97623737283877
63.61759571476539,63754.14071846821,28.52749279685131
27.440551652109008,50031.4640460722,62.43800713771199
55.39457612914091,62353.79303210795,32.89586321900137
66.56750318740313,66836.20181653292,50.9683583749867
26.02345592444993,43904.49735595568,53.47376020697609
29.598216739007732,45610.04907322681,82.90942572590743
25.590583707607372,44722.26150551691,57.86011155774491
24.520184410109717,50268.2089830392,46.76910206592502
25.626590785014265,53143.07772785646,75.50500492814076
26.030854868705383,42430.665413316536,53.62260015748684
28.538320362163862,39594.71729795869,44.070062664683306
46.9733576491149,117361.71281351495,83.92576670250956
29.426068650848656,38241.57697191833,38.466098863962856
22.21920858526575,42131.689965598816,67.71698710648344
21.78732250581666,48163.90933053142,50.33023856870787
75.04695460008523,71283.67316162803,29.22974187469803
25.03069918305876,43142.79567002104,47.1700777581143
31.56940879965302,44627.83285449977,50.11408892849083
27.86200529047961,46399.843131599104,80.75260872625265
42.240709270537764,91872.41295531383,87.61395811681857
76.85864350709292,58263.863596605035,47.72321311341929
66.56168303949731,57892.41427134201,32.397725204624564
68.64033835481709,55162.0426836943,25.005667141376954
29.323819867198345,51230.425962488145,59.53079421120816
20.866991896128727,47067.1745161185,66.9822331361359
19.260159266026605,51388.384109492545,61.965547765115744
32.389726337455855,40462.18168979201,75.77453279763475
27.569196382970418,42611.712766174416,39.58265131575709
28.29633055596157,44516.43444064804,62.17432873179723
22.304755985954927,47148.09109566293,61.0537550614596
45.3223720740506,148099.46664326318,101.59266135799979
55.98151818944109,56064.78041995036,33.44794685283611
68.6270919581322,64378.118379023734,22.37330590314716
27.753585841164327,50632.82514773879,63.95803533437409
49.078686062696484,114760.24805822704,77.21163040236425
44.32991416663541,110660.25957398322,85.7092607276915
22.844667336242694,41942.41098504026,75.94505063224972
27.698799626299753,46630.66511121059,60.786351903160906
41.659547731784755,117256.5533834274,90.57563523608589
51.06548849989592,126996.4497365029,95.48246996895686
26.07133771453524,40222.29779699787,54.69131227079679
41.63254687878066,142701.74614863197,67.78547678936556
41.65463630670042,138257.37781238244,93.99290175988811
61.02810693322034,66505.64149398381,19.818856389710227
75.77126813547393,50898.51463660147,34.30144341851544
73.69099537935756,44298.99446661937,31.269045495257764
24.017013560206696,40693.57899335868,71.69295590445672
56.80426573279679,68244.64468499245,48.252074725912564
61.30183155176314,71897.96924268742,24.580086286084526
20.72575544135963,49857.854754771775,56.37161439560341
19.037293256197323,50597.87455717289,71.88393273448084
25.174626155338,42778.53369961944,54.28821010217203
30.690378947961843,39959.56844541298,78.00940432910815
24.944460592022832,47466.589504404445,53.118496548222765
59.261381739091945,51318.795787537616,28.854429034931123
49.08883149600143,96552.13786955015,102.85040116954106
50.928520773314986,129520.82202842654,78.66064063200031
45.68267665541369,99810.30479629878,90.66643077760851
42.812708498382946,109613.68530189217,81.3984858811887
25.88836083119373,39813.76922836772,58.328819196831454
37.9314275154751,115780.0866432268,71.70006409571461
73.23709084805918,53866.747297733215,17.495467053082763
41.070052697460255,126432.24750495859,84.78875394432859
63.51784579552402,53188.748525917494,6.86792904785268
69.19297052121522,74474.45079786488,41.95884612695337
57.863528642796034,73387.6167223883,32.99170314770075
55.28103564970161,111960.54832328927,99.40408945208682
49.66295415936545,98136.72750802604,75.23430059268674
27.793840357348596,41035.63583868828,54.29253706250524
51.18046587605219,112064.20983980558,81.71348569636332
42.09159543025678,144918.88821821805,80.61020073807231
64.02324256356623,72303.45534730042,48.388412696137394
25.99379029421069,42231.75347326409,54.477769557190285
22.518307169343032,48501.54939704496,56.75168616491378
27.481549747108073,33944.32345496058,41.10459269054469
56.05261500795676,103205.73850066483,85.15079698355878
23.58688508314503,47588.29510234561,58.2692817571613
26.98639202356314,39354.74114391385,56.50742295681571
46.168929558953735,131491.20417577034,92.7556576042139
25.20258461406377,43755.179257604635,82.9889812361925
65.3053262111361,71051.6326295239,35.559462361417275
70.09461266445886,56164.05626080605,41.82539622738262
74.70327544981174,79413.73189076417,32.60130676515155
66.47902867059203,65941.45934687777,20.348210884080093
26.331458284438686,45990.42380383927,65.43600154594432
51.44876377041373,144184.17386982968,87.1004906320154
25.59717908672041,39447.12077267085,44.434181013402494
47.69148039524816,127696.58697264123,85.47946104213062
73.93918063161249,62107.89772264848,26.44071049116242
39.1494348697032,128694.49759820364,70.81574025434495
43.93278564534896,110346.75251523807,81.27751634575958
48.594766553325336,136645.49762934336,82.53630776288767
48.31440634333706,118433.26172193793,79.44229495128754
26.025267927331477,49169.61077274452,50.175126064616904
68.01069641700526,55689.26515045809,53.8473119907697
47.89645749800544,118228.97209513382,87.28443259886126
38.51584026022077,137428.17453912285,86.21883897626978
44.923450754135025,139756.72601009798,84.56084799506971
44.20735213486515,119656.97906551677,85.716645450042
25.461175317836584,40106.18142108846,66.4084286126701
41.95108547840309,145425.7656064613,94.88904577444974
69.29228789264747,68994.82687896403,21.090189209539393
55.140867133075,54475.67158146993,27.54634534816654
52.64234213206266,130641.77725708559,90.08334424167381
44.39525925696109,110823.46363642073,89.92616919816913
64.06461093237999,54425.825452563404,7.052940294962678
23.13190144053822,47221.3165574302,58.03650150915022
23.44518934517906,46017.318179336115,70.44160877069072
25.972499057465328,43181.93893893072,62.010990467149675
22.575105143934547,48103.36048775339,48.964106827842286
67.62043131040106,51888.8323816597,23.62542846470882
24.783969635258998,48070.83350021712,62.85865390724905
42.35691659125121,134627.96444673644,85.00165651934557
58.10723578904806,67974.87018772647,21.986645322373366
37.575510157750486,126424.60645811472,82.04311731165093
19.120989628360675,38099.49270892554,50.016459592612094
26.447417245729557,56353.464289021984,59.5228864385802
45.90510779351853,121050.78244669772,80.80729281652326
69.01244993355508,53111.29671861144,33.02688475712013
69.74375359497661,52588.95096014769,18.906408142445347
26.214945132882868,48481.03182406709,73.80091354147451
27.90593497159867,52399.72069445013,65.07274031107298
26.627680130757895,47572.19417029375,51.05392697780496
47.78905153175931,118832.44204480798,89.00675579955566
51.13834496236646,116602.8166214771,93.00465854434383
44.55858975824373,124847.51571277172,92.62509307130595
27.058780571123542,54410.12248237517,59.756454077390174
30.59732353343427,42561.968879637534,63.42725346377704
43.473876478226664,108723.13424857223,80.03321921399107
28.2668517909021,42443.92161784408,64.36323669674032
64.92746631292367,63116.91341896723,32.6464971241664
29.693930967442018,51834.37133722262,52.69069960058081
61.7102762210564,64656.21253667781,29.176391446974378
22.969233999082125,40071.369768322285,53.62612872693482
46.33696157035951,120311.90561513112,89.4873555835299
66.463719187451,65517.662441961555,36.69767417422207
38.165606507922895,137810.79077347126,94.00840200617735
38.343835232211106,130396.58410894717,87.24128927055685
24.655790675599302,53345.10762644697,55.4111573713106
38.87850881855317,131131.91236607838,83.90102569280482
25.03900567563372,46178.07279054283,55.47693680750923
28.42846844354506,45496.66152714613,55.535663854494715
24.20602950028613,37607.06877110079,44.16097176514277
58.008415570901974,92540.50654715314,82.57019176978669
55.35403383729165,58153.06900924185,26.925842970055438
46.959020027012734,139763.9630341194,110.10198826927996
25.19284005728639,40051.975898707096,60.380034781682
43.89373188207114,125509.3097010201,86.677275322197
28.092998567487854,42348.7119081378,74.20504247989855
22.574519191320437,41218.24627357849,66.81891489626311
74.06692958148409,44960.60491888764,40.00000694136369
68.34614636435074,63776.018167354196,37.47253468680322
22.73879150692753,43242.43257979346,45.69224897881952
26.420777291905544,38944.919001187714,38.01194043379918
22.028391024607934,36862.28781058419,54.410781527284115
71.70439289541477,51931.562527390335,40.93635266609666
40.39663203460317,133260.68094541575,71.01174421409455
49.74777067720662,104064.0970777968,89.97257511884841
27.276907661479804,45646.10590987614,61.979107834626475
45.66770452391141,123008.53795846415,92.71881306477967
45.20295845601941,113201.57926009088,72.32691245595608
74.20060220777795,66876.70309583841,25.77694418620189
26.15595213918651,42449.918005726264,57.18899707114045
23.04519895718255,42865.5946502629,66.4719593970274
72.41469315093292,52596.6029915233,16.77249420196292
28.010598693676073,48787.538550236524,63.34456789987025
48.045690604535885,101185.65865246125,83.28063175769012
68.13508463159454,42024.88532812316,77.11485247723593
24.242295545820518,41435.77108661418,56.37559058596868
61.03807316315932,63183.416399574475,25.290346727269526
66.91791095551386,65209.089934589254,19.35982893259851
68.55088480244827,58605.16593677731,19.44222775797535
27.142001482276275,46241.10293150168,48.416353108074574
58.82377095090757,50595.24315500118,20.105830061667916
72.2716639123184,54737.3235691829,18.61300175010195
54.34258860261008,61374.71471834825,43.62744176619533
59.25709451062974,57583.63600408108,45.268242001281216
53.51107472317619,130168.12979296362,78.06295827431279
26.94306561430208,45026.21849859092,60.96120776940983
43.13583423954117,118753.41641056958,89.80965399143292
40.14192980744674,109833.82544212723,77.94500279017825
22.552569145103686,53382.18656137641,53.18948342525119
21.92683707599713,42282.876144331174,42.60286221221901
22.80890010484859,36537.6768514259,57.42623462576655
50.12031262905731,136140.10707897897,72.56992987187148
24.585207096486446,42003.12488523113,54.83955271782626
19.8252465024609,46661.57005989796,70.31844539468635
69.07623969773903,71713.4179100195,18.761923502524848
44.87486520627428,115622.83096626683,98.86011999588074
47.716490145181936,119949.38313883572,72.89028485909738
36.932193010616295,106163.84723252246,86.5578895577502
67.7755477571237,74068.96387356106,27.752051779123505
68.53131961862432,44642.614750418754,32.17711944136766
71.75260870648862,57826.75911739157,42.28451455328378
26.565824696850694,46855.72936685655,59.54413983644502
42.09738275097639,116309.06267805077,87.12289879519703
46.39497081111901,129462.17526832166,79.24677344606064
61.84379094399452,54783.28889125551,27.713962728026264
25.879217419896044,46688.01331037601,59.178488216074314
70.52990067154676,76707.5421829594,23.530527562212256
38.140494285343216,114123.62776434267,90.24720621223808
22.854088872220096,45278.624561443474,66.13517972730416
24.9595083257862,43652.96582777721,49.95859233247932
68.99554551232677,64790.35511649528,38.22609286548245
25.842975603205097,48554.799841017455,57.40957854179297
28.09739578165344,39467.37045629165,62.60673765823907
43.548627279056745,150862.43204567546,97.78917736403774
20.753887773848756,49630.88773765821,63.686733088729014
83.65951133603217,58523.7971387532,39.006950010261185
77.5983307349991,58161.60295539845,34.72556757859502
26.039344628490927,44221.6138230396,63.520553965142966
57.485639333521284,53053.658144989065,44.6155098276667
60.01733356066061,66787.44705764228,36.09922367609508
23.06464073618463,42120.9087967766,80.1020453876635
48.71047686004653,102314.40313260297,92.6250003630087
41.97192230131568,134974.6634722194,78.81697865741113
39.02058468982408,121848.07210176729,96.38198508879952
28.800733447559868,45069.646459564734,59.744459290085544
22.545337950299583,38259.072889471434,66.38730222029184
20.44189010213796,57866.7990162493,54.4969484615458
69.67361902107268,66312.45349900416,38.94006375452737
59.59627559211279,49603.35010457922,31.738653997162693
25.94274199778582,45578.37317146429,68.89630795623437
19.398204422224758,47357.34178567998,54.26299996061421
68.99787500545527,62245.09123592109,33.50631273991648
43.38660080578932,118010.4938042614,90.27396534745924
29.06872008571247,43895.15200233388,56.122984400640156
28.24915372952583,49348.0296005283,60.59630369920174
26.872359451156466,42301.20159845319,59.35861653407007
26.42149876273536,42837.20906090189,64.56753219153784
45.92340152932454,149083.93498587428,93.56120190653142
27.85127151455815,44649.17144270676,65.50052099024552
28.832994687365275,38597.85323751858,66.12773905062569
49.474621884722204,92001.9507439041,92.17471452692425
65.24551505237433,51019.64155004469,35.998369484884456
28.916436421462986,44811.82648787576,61.504189051435766
23.194880163311808,39083.707436671124,46.555494889657226
60.892221045439975,63789.05661449164,9.553540958079374
40.50766009104481,105700.07087611931,88.58173540648222
24.03584247504102,49913.45491972757,47.72392184863008
56.82095597244314,71549.05602775051,18.87962029383227
68.2070338908833,67176.52957509705,24.599845704050235
40.5625391109895,113560.4666322411,83.884429794552
30.556834553526812,34803.8391111995,50.81348053515802
47.931820093775464,127516.41254909767,84.92559743089109
61.09985639355861,58924.02572478614,27.45349236118618
41.971425384983306,124865.38922582404,91.89914777906208
25.932722696794013,40383.83376944548,50.08607650543693
23.5209971960235,50796.64901682124,59.627777634901584
61.73531598731484,66550.22115003888,20.178856008695984
44.72115461171147,115933.14598436147,87.08257471016977
69.3185476528891,57349.53293453342,34.19760029481489
48.67438893024909,145659.20058872888,70.84739276088706
29.36060223147195,48854.32596943484,35.76120673371044
57.24036225277302,55102.106123938,17.951344837895878
50.982857508322454,139454.91819841665,89.44483572802758
22.6809706484336,54062.242789984644,68.53415558780307
56.59664769990847,95773.02276141735,80.50265578737358
25.205688924418084,36692.399688655205,78.8115706944059
53.800760291836305,76452.34851863634,41.417391324697036
57.79099642834126,121725.39118721125,87.40379487688662
26.901757066954033,36725.716640671155,75.73986763290033
26.4901424590337,37027.86170602817,69.38283805975998
38.951794906543974,125510.48260224267,79.63503832738684
23.22528583349251,53773.97090992182,49.46584436826344
42.852972294373735,111732.214255072,84.51471348948303
45.28506562448542,124979.70495853522,82.88388126951511
49.30236744179873,119708.70591168401,88.81086215484976
24.26383565199139,35646.040394870724,59.59842049355657
36.558194471964164,52480.22155744591,54.64764788439432
49.59538241493884,129287.31391507796,82.92963149866318
47.2230133411007,128272.28064060702,92.40972321793274
43.48765156755936,126353.98598390192,88.74154537412346
27.746206353106224,41767.13557878737,65.83928185325964
24.609570836896946,44715.27188139466,70.50654396007612
27.597265582510364,37484.28523440947,59.61491530499293
57.4545328465123,60303.50268358082,35.456890945693615
36.19595594009612,108717.65391614125,83.81775744946023
61.22441963784327,63705.65033679298,44.6769968051439
66.10844347337435,71626.08530656827,27.102030649550656
57.497553596181696,63854.92849374793,28.59880901045704
62.67740178515359,65583.22618031222,32.576558198046314
51.951037745086566,133246.6466572074,90.10440881152606
25.275282329606508,60394.40404227619,59.83577103927248
45.01523010076707,141183.30833123144,81.86681146062567
73.51761802708182,63360.75592361473,44.96270058641663
25.559362944308283,45366.58983594202,45.3562511979018
25.550026017215057,43762.406822242476,59.0166037320525
28.48949125646488,43286.56202959826,60.768218910602556
48.38962935669635,126055.95135504914,77.22674612366971
19.143736601432494,48564.99215086194,64.3004164719107
27.467634736309567,52511.78526048014,59.65315112613219
67.55532323715822,57768.29655734553,36.8775337588944
62.424533478208026,60203.10736433928,24.526550070309742
45.85208111187744,103987.0062861859,85.78386522776717
27.572978869606057,40120.63373511333,53.610382523104974
45.74333728601056,114978.37001840188,106.15474677613628
29.353430823385125,48162.0386952776,61.04201103951876
65.61113777157192,58948.21923462666,25.978346625942578
59.60729571006123,48979.059993966104,22.93359807913565
31.431832267975977,39939.47812369916,55.16813537700626
26.127094055037016,48430.2572999922,54.771399728467316
25.209406254970055,49678.391965737304,75.00759790634311
24.054192266078964,57228.75989808413,77.3596380316525
55.825011724505416,132711.32515725633,77.48077519112908
45.59790184207077,88172.17651487108,89.16897942703471
67.06272728929932,57364.41770922327,38.78990523335763
62.84138812526548,62797.20037839755,45.164480131856024
29.737638446522176,39661.89785308703,62.22133771633713
24.937295218107554,37216.85413238048,71.08182816737516
49.783511583972924,120925.19774771958,80.26028592677685
55.066936237633115,133069.45946185867,94.51130697179714
30.49437629756306,38616.25712089845,63.19781934142537
53.34952252175703,152564.1407624672,65.48946273378857
46.99843975876321,106089.70298714138,78.4206405409424
21.493965887141403,40112.223776007246,61.86609123156358
57.46499758716395,76179.7427475809,85.05137815848751
65.04237895176905,51739.80877177969,10.326190049694791
27.616961910162033,41364.31412087566,43.07043185804615
71.67613024993955,52413.21596620639,17.321308286876967
43.17523635228557,131082.15721331254,95.8852687667092
26.641292143510114,34590.35296058139,53.76231039304195
39.538436176637106,124403.36898249944,82.53572572651407
24.89586469088427,47504.585938121905,66.0789650971654
25.972251908184386,44686.60451363414,53.76859473575236
21.307407050698135,42115.540652384254,54.359213692632714
59.82334541574127,48755.46384657086,-5.893631650808679
24.134024083239584,45924.18061847437,82.52435805344308
49.63920064040619,118642.0007654376,83.44939088981758
31.277161827056382,48716.32047011358,48.569950872695166
67.98645853454836,59947.829478164334,39.095062199083436
25.968155681014267,40708.21109909393,69.81765486991594
38.780683823043574,102874.66328799742,81.13551158653249
49.62599804722814,63125.56736742515,22.891728532175357
64.5704044888516,63705.478362140675,24.53352568771355
68.70203569746019,72154.27138913416,39.32888823317413
57.898546688271594,117785.96120551997,87.2969933216146
27.37498808188881,46737.90852680836,52.45724149980642
25.649375768745923,52647.75159730307,43.314159261224106
38.4408188382492,167896.61351767293,80.65860960212783
63.900820287677675,42355.471543207444,16.439167931515705
25.245622418158966,46119.420121395655,64.24165946401916
25.293028295646494,41865.16471106117,65.94754341665286
55.61455032973369,57532.13769235344,15.98664538478478
45.283249624485535,121699.05615806647,69.1656015169937
67.74663719691131,60670.61302343489,27.66363244659982
43.98209819948819,146583.77395004616,69.94520763601889
25.783165816539668,44048.30660958196,61.46713686433323
41.9329866822953,105673.1613097597,87.0299172919566
23.609746921562614,48558.074390444446,58.13128355838641
25.51410484356991,44836.526259529535,66.74819492166604
25.696761091483012,46272.104216506064,74.4376460407326
29.897233911794906,43725.11391289572,47.053185242790946
26.54510580162598,41131.05400448213,68.95193220027733
20.7095758661181,52519.964942913444,71.6082678737852
44.86347730245034,105010.46651557634,83.42129263754138
44.07356170561146,114416.89835893421,86.34923737573382
74.96882099436812,53345.42233415644,48.876236702578275
63.62840050795989,64411.81020191619,37.506096201972426
22.65024012299129,40697.93317358024,49.787671828692865
41.53547401102046,117095.10811080423,86.1743440958844
25.261141204714512,47882.784815278836,54.823887009638284
27.43858635651688,49620.13509603451,69.16327674702481
69.17322654539467,56455.64783097214,48.93741669074622
58.44979474316411,71226.95976100152,28.605251482536502
24.422917105656634,42116.14334715834,59.047044676130476
27.557300004388672,38524.60613968192,70.47098302612154
25.69614981207291,41371.28093423267,60.155790475814676
41.61142315123947,112876.44515066213,91.03433063850859
21.571089106508133,46886.50246522426,65.72582781356158
26.7126715320795,48271.828281770286,73.17394065634326
41.952438989203586,113604.63605691685,83.65484945132168
25.731061634475736,38602.11516632149,73.75706813311619
27.07043197513334,50746.36663142838,70.2257043200964
44.443869693256495,121004.86075837308,93.26036963473325
23.84475315875105,49775.71160250619,54.44522880839745
23.49472886924639,37888.73145201163,78.46707325736034
49.67159955619637,134785.94993519795,84.76589749052017
45.14090578684564,121840.05473992194,72.432990783452
69.44494607252075,68141.29173474803,34.41179151589706
49.98023842902908,126147.27985392768,69.85108266436971
57.73296842431532,56661.06549115932,27.079392247499783
23.738064031703924,54547.08320235065,56.06661187672639
22.055474046856148,37962.4415264109,69.9626681944714
26.51496183694137,43702.04324318198,70.78680833431295
27.32390216028801,44278.19794038029,56.29385667913894
27.46618047998347,34809.37732411073,53.2360769794073
67.63700738372135,65636.05231859778,21.374011348695234
26.386310422789812,41110.916562045626,55.06243416838687
42.78358874404245,132609.3003975683,83.44073375717855
47.53995663456272,114494.58241375016,88.39248835571271
28.16140615610471,51778.189294024756,53.53063222294426
65.6353667186914,54323.36116200662,33.54749386496514
68.5064778828349,49931.96071459733,11.800289406950505
63.42265502475039,59652.1844014891,47.779960829551186
24.78151326202938,40750.77815267604,68.77362290575671
20.3480097068016,48192.96229388687,54.44800473306802
22.075954989318035,46448.874284482066,66.42722759867544
60.44902799179958,62529.24765746223,18.479444456646434
24.920458373652348,44748.809452754314,62.19150327663939
23.198083930243584,50292.12243424794,55.798131829041424
55.865844882692656,64777.825746027076,23.65226750323182
46.60848903098007,109079.95588156299,82.63615745576672
67.52583766633634,58255.63283686101,24.402055449261624
45.960245582450156,108981.12634802927,71.53249446223239
45.91679959889578,137098.17841693567,86.78591131303328
44.27956222139192,139215.2454260267,82.71196622495911
39.483166969130636,107586.1466902692,81.20928522343267
57.04371388350777,47481.57782910356,19.84420827041117
53.388504070382204,127704.00159854574,75.85019034143471
24.072362872446355,39823.78838790313,64.71415556386404
18.62831282707058,46900.98925502982,69.18316606002313
61.151078545734144,66322.97516841369,25.684443930570453
46.654401161072286,118497.68885280071,79.83018152124957
22.840467374815873,48348.36274415019,64.92451264008149
20.763088895994127,45337.59240705054,70.65480375065351
61.65018947632382,63658.24323692193,31.176810474467334
39.483958171391585,132120.86697421718,94.9115708235155
24.289544179779973,48628.83311949346,55.16114165945678
44.23765081809728,137229.56024143074,97.92466258838586
41.40796367215401,109247.66519095792,97.8977650260434
65.29864212308576,67530.48464613987,27.245416135675836
23.47917047388661,45130.45525105417,61.255764534715425
64.60320431224507,42245.59701801972,34.42479776781023
35.16821705311999,136289.73174262547,86.47079635802956
17.140764687730766,53224.83856750642,59.66873027126203
45.802869905249324,120363.29185009137,87.46440431603281
25.73489971332617,41875.90711152161,58.499444129674735
44.264989991857554,143148.65292408282,96.28745903797017
40.33366020463402,112428.37618157674,83.78981373077191
50.362536686549014,116106.79983624125,87.21901550366553
59.454601134390174,47715.423014343156,31.120468491319816
65.20491450492814,59598.36306366604,22.984587232113604
23.410719388698883,53435.70817536282,65.9065483069231
23.54390935651269,47405.046158683566,56.7965269180568
21.981947855500895,45854.327190639706,76.33431532301096
64.51086396139013,58123.03544034069,44.74776602986874
37.22052176898186,138403.99835826462,88.41755489497348
67.95211308795679,53218.92857104732,37.68575754240989
23.823675540603528,52615.62038634829,73.82158991037527
37.98697364100153,121326.10329437771,72.35047438374293
21.357434161636803,44080.083318236604,48.53654606981312
68.90270055521684,69600.6316514149,26.550629767195733
63.236198314014906,62372.6043611261,40.42985510996276
21.813088858821686,44669.60100676342,45.51986099583756
75.82608865872047,64564.90397775625,32.206014195870054
66.59526937791229,62623.03619327486,39.7698211454192
67.52951966368673,65346.72390974464,52.183305999556936
19.860596412727368,44802.224230716725,59.803622010733186
62.55778212243932,50034.26098842893,56.625362801377605
44.16439143106794,131999.12852913074,93.48167925999104
48.2414021692193,100199.66233168941,82.4714171517836
60.15040567015444,60464.18187846716,32.584758065475455
65.4160660222175,70631.46655628328,28.136891414103015
24.7766622527015,40845.24941794481,81.6325472330546
62.855327463137435,73755.02324965838,22.202817277820795
45.70858456819953,119465.37776553775,96.16547048631965
67.42576852977018,60685.49729122687,35.806519814256475
54.3284744959609,52033.476841678166,19.93697041863323
39.775954029894834,105968.41946933107,60.8439027534334
24.65305515283528,34662.789499800616,48.772779784377015
50.95323137393171,126785.57694374601,82.25446179602072
26.493994873736348,42187.666120528665,62.811914239693756
25.772651172168292,45242.608139724136,66.45484181141076
67.798150246678,58325.489443365106,27.642400998862833
24.39342204269832,53482.28184145019,79.14031353866787
63.121651816861075,49191.40507033583,40.98468330672194
65.51190885539015,59657.4129495074,39.21848659958085
28.921428262847286,39351.46572671191,68.72457328280144
71.31168570633751,44987.57835166501,29.453853056385093
23.592473043685885,50265.76426666452,64.40474737960399
66.38042455514841,58388.067728419854,21.22852469141432
22.593168192335142,47814.84618345286,72.78451862607298
67.83443766728226,53396.71576016836,8.685043998402577
67.2584571565851,54226.09957330197,34.641702248270434
29.2083829328083,41686.881205270765,61.32969674146876
43.4544176789875,107846.21344478428,78.55303946803049
41.71552860514302,122693.72672909396,79.0407788415484
27.548806291063073,48079.67803472132,60.519458858072994
57.43901140896452,65456.41652570096,29.11262921269929
56.88397828493879,52839.441261787164,22.696923321123595
48.61190678913886,98905.23804492249,85.00422367085278
43.17339224343946,121895.69369319618,87.81158566033267
53.14198311564269,76916.06680077527,83.33506514181968
21.992411906086573,58161.91032418695,70.09817089342634
22.18652488025463,54383.97906279033,63.934853854217494
61.78519122168621,66785.39370133335,34.23005962028255
55.72574563886694,147811.38849501283,77.10256378279053
21.337469050086934,45370.47390209888,62.342147325365204
63.85457724963621,67745.47728426289,62.31640396776596
65.62613562513928,63463.67860288557,16.83236966840587
22.308236885542506,40108.13611192484,64.21920754235285
71.8408942311276,50098.70062138162,22.421067250016023
54.64515962725642,62976.843780854906,3.1412252001003367
23.84405920941472,51357.7754749708,68.50221742113493
63.85976578999103,55153.113433928855,40.49420488959027
23.308826341588077,50071.85032509065,67.01172742310898
22.856945745920896,42940.61516938766,71.17295831588127
47.43250821913101,109977.8387169151,86.9139749128892
40.30332303090623,113290.17156511873,64.75769981802937
43.00181907192699,131400.83945534404,66.6305523749021
46.537033489045506,116648.01026442222,91.45698077309848
24.102977948602398,46556.25077271768,62.237879516388986
59.27636348362013,67347.63555153931,49.51150698434476
41.68549541224526,134329.57812855765,89.06980018583947
40.98162716015135,113009.45247197637,80.1005010028765
60.13485493273797,53893.711166571346,29.596649223555445
62.85782479516034,62490.46938754308,41.463606698853035
21.015441853304708,36483.087803224225,69.84322398476584
47.68254921785202,112758.84716726952,84.14158284796616
47.64846377178365,98425.8303252395,90.98328204894027
67.1817912957498,64277.03268897948,23.841643625839247
24.892521882670145,37424.04468900724,46.20680771985473
62.84995908787267,61401.6913512681,26.65339927019092
39.765445086590304,125259.45148910339,79.59857380020495
26.785471076310742,36449.15803671687,71.8703030556038
64.88443772159363,58164.87404745578,17.293108955320793
26.96966082590149,42895.077595898685,64.47708560017315
27.361253811227357,55377.00399322719,73.29152530132431
24.558827855493583,47362.98741206522,69.64087168288357
47.70731364102394,122915.76452366004,77.75414159309905
69.70762572738815,69356.71993942218,23.93103954885676
61.41493883185015,53599.69148481883,25.379738259445638
40.48046179267605,127739.0882655615,94.01364109462067
24.329611644022446,45909.331275292476,59.963974609094315
50.98315743322826,120654.03669558681,92.72317987672936
63.08091486047093,53712.11173892014,27.878710042610614
23.996496292477154,43636.38215126165,68.83659937486672
39.062007904852436,138315.5054328803,83.94994426326156
27.241880815369786,41478.281547286206,80.88374704780728
48.79577580151324,114702.50560783967,79.76986929080944
27.87781247825562,49862.77224813365,59.374068721004775
26.558039542723517,42121.81086881113,35.005942851264265
71.68593016801323,59502.471864005514,46.09771098637057
39.92621634653567,113143.55615120592,85.74275920912892
55.30751788318199,115214.19096500073,90.3638449379297
58.485049226688886,51104.26379380669,19.083798996217997
74.202366259499,49062.89754831803,26.89374719556202
74.85603771953578,70723.68841432278,42.54106168901704
22.42852733075115,42923.56043049599,64.25457561784965
41.74321553104085,123575.53474102178,93.96824533859578
65.8603308040535,67121.98000669207,27.16133655337265
61.92071860117049,62171.96248660518,4.79968190818051
52.71054976283938,123197.94942356534,93.31289429936214
44.96964544230053,126548.39706236502,81.50891287578744
56.19484840548536,47147.383194090566,40.24771171862668
65.0856384070186,67806.53375475768,52.84963907487608
22.921271214218038,43452.26780343005,59.19283419891418
64.99574843254013,49420.33634605144,23.405516704853582
52.65375416171849,127270.99225941712,75.16360324438067
25.523733438495515,40680.04615160092,67.46253566027221
25.451181359428624,50403.90362777311,69.40771187988216
46.4128997524415,95755.34087345118,107.07728031128862
37.60544215612936,104901.86152080538,93.44845447252841
25.290987894978155,46539.008844460295,71.05525932957984
20.777608676870337,41223.08533823339,45.59949117405706
63.40008602459351,59636.710256542094,14.446600029001267
43.75654436908226,104194.76371280469,88.13932773743014
25.351982149926346,48030.0497567282,49.60094072874469
53.7478837159347,142162.95121582894,92.16030651260893
58.976255767511006,49502.24645254875,15.098873094220508
61.39745860556777,64854.80474572537,29.25595188760762
22.533338813300706,35795.62884334177,57.02436496640008
25.298954095262925,46298.61250860741,75.65524029234341
25.986253328979053,39592.25998192802,56.40707909212941
30.65855770363159,42038.030378805655,46.40143859020081
68.45123009663939,68572.34521787909,47.67204810901178
69.1179107417402,60439.47288799879,28.091457475199384
23.319456879409092,50245.04612918445,31.037446218063106
23.313137412277083,41257.56731721723,45.14439626963028
25.553901575596914,52207.8431032895,59.00824136220617
66.19368888077896,67394.16111630264,32.329291571440294
69.0812966327027,52837.229421095806,34.90328769242121
23.489573037651404,40478.41687447796,59.34249738927012
24.033815451382974,43077.22227885087,67.08356447299353
61.55838936261859,57043.78456933313,23.628349226256425
44.30772008008113,144599.4679405709,91.80718369734377
26.87700204329502,46692.48203747207,67.85800158650832
45.10635788368031,135015.6913885071,86.24152547087184
26.238794362826873,53327.372222312886,65.97400069849859
68.00399432828726,61525.084730120194,22.752232488369245
22.459618845794786,49151.679082721224,57.79035826170336
40.7473977289535,95970.51282154248,84.17422597654003
69.16087347148397,60124.94667159682,27.757246102056182
70.32593255524301,70199.00033022978,45.085790602350876
65.19678197246952,62680.46423267294,10.141350765260448
46.96658919697186,137471.09031685756,83.32622501004377
58.90943484903279,67098.32669813394,39.84412815134947
21.289147867365756,47885.3606359027,44.74474829075261
54.13004856773468,113525.69530922927,88.25641829699629
22.241727297298592,41740.8194609892,64.40014450053333
37.89094666629078,130088.60551804097,85.0096438028978
51.31292051713591,140106.75669034716,96.61974027576596
51.19141535716818,122843.72424898115,82.37684226789666
45.160020745328836,124249.31807319213,79.86814723821638
26.888886525770836,44075.48931778505,63.46488475897993
59.42293483884554,58047.35621060639,37.225419844709805
51.50870644699399,113030.7405405241,90.80076629478398
53.03672788009996,103982.9561763121,80.92829099434002
39.67443168462314,124481.2936254853,78.69772998473408
63.49076668373303,58376.15490083474,46.66005333850137
73.90469617121579,83592.7554024698,29.03280300843887
61.10376177007144,67374.41201581802,29.371146593070367
23.591576842195146,45601.4781585595,72.55756125573521
21.03863016074717,43984.773069785035,53.080919301187556
43.10436129506257,119587.27642424045,83.97169990848856
58.30085336030805,64418.399501436186,8.152760393417793
69.30911435424761,57327.38215216048,24.17632997558558
62.74882171805638,55359.574069039656,32.34029980833752
42.560442959271484,119637.06590413625,73.96305468168856
43.87617299053658,158843.45463027922,84.58885021129211
25.67227744543125,44825.05754751519,73.84272818510519
62.21357442614367,68771.75387048707,-2.970058112702816
31.943975700020527,41047.62772277344,65.228354880355
45.21905735989555,148268.79458901915,76.27680738045723
62.78433716452278,51264.5287968375,41.18629877112462
21.8268672131323,48587.71127897981,52.32202434895871
50.45655060297135,131913.9701943274,76.15436265211251
20.56443402889772,38477.652497475734,61.66452208213056
59.98914259021986,62430.548764839004,24.106155034294744
69.46515182899962,62939.853323794436,29.413233798310735
20.161852386431043,51727.100230774886,81.42270358611864
59.11300681316191,69788.55105934902,35.49223903264262
62.647924160485225,67218.21739029318,10.434321075418318
48.365906756349794,139723.7168037607,86.54871929094035
31.3991001239688,38889.36095554027,63.819354522315535
24.34695639031834,46055.08733601309,58.09317599236653
21.54701926773309,40175.38269709948,75.79572145730712
27.890128387732965,51006.06961081972,59.102643057127736
21.411380127757987,46069.89955367111,77.95877673095522
29.39694630676466,55303.73962440994,54.82711549899628
63.912654960691384,57491.762510620814,13.137721838357098
47.791634562608614,119679.49058477346,83.92553006823562
53.195584027220335,96079.45399099807,87.89202820164881
67.63085443285837,64516.8474071488,44.77049415785682
21.76676566621208,44371.06539950176,61.200313267182615
25.519542777553546,50187.69972128949,49.983799901050844
23.231905729167366,39594.68336200051,67.2762954363698
70.87314830469077,56341.58675930568,4.433202242313591
20.794446811623157,47852.9933429658,52.99879185060827
33.160507499768855,50718.770216034645,67.60414656144297
26.084186816525243,43624.74151424178,58.2305277250595
28.713448935920386,45148.78069747872,73.64140429973844
70.35558402979585,52650.50790811125,26.71208301804835
62.519209033260346,60762.75359553046,36.521752544041114
56.29294585969065,74967.72140297426,16.74164648324976
65.04079906735998,65543.3489842529,35.753298217032764
43.6159335005554,147572.75515192683,81.06691051494361
26.539802299340067,49408.198784747256,71.08703580582907
44.06514348507277,137226.68563795133,81.22327537842298
70.29399837394045,64391.07068253891,50.86621622223998
45.84680412018039,131052.6584563865,95.43472194302522
31.3664685910379,43655.556547225846,64.94030186282738
21.680995077981915,41501.37246003707,75.47505201330061
21.961506638996728,52755.75987761261,62.67050265869259
42.1174479963664,125077.25765192536,80.23470964765207
72.16465641828424,59575.03477585964,22.717617865713894
23.60281073928923,39376.789540810656,55.60268941725825
76.97400493870379,55005.23688229421,11.79391563993985
59.78202151235183,55626.55932330187,54.147245348409186
15.276197979792782,44836.23364892001,71.48765700372104
52.07994248077253,51282.935701260896,33.88868433865873
47.29986071469558,128800.40702212912,91.40327620182146
29.758050448436055,42377.398668601134,56.783649487826175
43.41795775152599,99651.27293064892,91.23728425815472
50.86736928742663,117467.67415214985,81.72574049509517
25.22741367458118,47041.26377857236,76.13711269058646
47.96263474600592,120319.67473007913,91.54311726420023
55.411253888697516,59889.2980312461,37.14035359002678
25.921898562629828,38744.432118073484,40.01799315467892
26.831110796300393,37957.693518182205,58.604103718448265
71.58291627052218,53721.90473497837,16.227703322211994
42.21254107496083,122113.29370366805,90.66571538605245
66.50120123751017,50482.66672727711,33.95410482687611
26.205135166296824,44519.70050137675,43.546012530431085
24.8214239318146,42265.70529379804,31.514573793699245
36.19618620422091,140604.87817744436,78.44593712222802
58.476524366823185,80966.3447282398,29.627292805549178
48.54054338344295,104762.67271532405,75.12520902496063
56.45625708529913,56902.95480168388,20.760047205630514
22.622437784701898,43321.07650354936,76.83927691457869
24.963259681459256,45979.22627548841,63.21357215450273
26.835028866522602,47520.232577589224,71.89016531107552
27.373095841129143,36652.973594393145,70.73631749859771
22.876991603143658,44879.37456444999,71.72729019259364
43.95338161424067,115165.1929618299,81.89185237528892
58.39907460216983,71646.57857717414,45.550461382356175
79.4756925296775,68378.54165297159,53.44988920500344
44.12520121652296,110310.53731313196,94.38499710069313
46.12342362875943,121236.59629401755,80.59570520406733
26.954173753917395,39372.55476350812,53.10812181910432
72.41486972004164,65005.04746916801,33.240688300697066
38.26436855235152,104995.03013091638,84.78782992600752
44.647506109704544,133788.43401862806,76.41805579408155
41.47494072120796,142390.32853439281,87.30954903423886
25.015340369927383,40621.90873307621,72.06508966508358
74.29412090897112,66608.37737153206,34.10805401387546
28.171366678656746,40300.60106836323,84.55300139910895
25.904642027000836,48776.95612912878,62.790215257703395
67.77236535951138,54994.5817000303,24.003237886180433
22.968514865463664,36487.0819788108,64.5353430151398
63.59588084535811,65466.63194248856,23.802844273349137
47.45487475819126,134254.61387960362,84.79540550246405
31.45954737253467,48109.049811085984,52.46035411133324
59.46884112124812,68654.13382138262,33.09303048171301
27.440528908001916,46995.68057176036,64.95681887972604
71.04508213902153,50952.89251739268,25.601915755583377
65.96010935511673,62083.53810666845,13.580219534006275
59.03390375234893,62724.71373120397,40.62277779586789
46.49646290203246,137815.19082692347,89.10468336077834
23.36685182642445,48226.87974792574,55.54497478599228
71.21149600834252,64899.75035210882,58.94012010694105
25.037777202345385,53854.00317817755,65.6390912005236
23.040012302278864,44728.52566741094,44.236078430157505
72.15504507486784,56735.19328671823,26.306298346333392
25.340552035753745,48608.360320216176,56.51347865592141
24.124918750620168,36206.30256788443,57.18215391139493
57.91512310814693,64576.459533713154,42.137556424900275
23.547297781401245,45296.09217007244,53.283766320619485
23.618083687120638,46832.991230484244,62.89168643907818
26.084908075142902,42347.494261947366,66.5854427267283
25.830072397990058,49147.02790591744,55.538165667852205
57.01811824556606,55481.80796663246,19.952850827403594
29.433682134224547,36967.768398712135,55.10560557481778
58.98687526531116,52659.97743188589,13.2083259023767
25.13671551971144,44209.960507105054,63.992231226052795
21.217348136994865,54244.78047472672,53.74437298490471
25.18069062982308,43805.25976566795,62.49383683710755
47.999643649981024,132791.60512683328,100.66677963376475
23.5842044026317,52965.93313319699,77.27543170100711
25.392221731858275,50457.53425961231,63.46503881730716
51.00206953972213,127708.61774488373,83.69546428844988
27.465707513125672,43754.81980221811,77.94557863517788
25.063011524898275,50516.50941008261,63.64961002466225
21.039300378938073,46357.89418597687,53.98632356048786
45.051763099216906,117292.80129614062,70.59153812677809
67.9893304909807,63857.99162144526,40.74426516915119
77.14163731537784,49291.153602214006,29.258829601678453
72.68986277002261,63997.48088242347,16.432615980749684
25.890954019699556,41980.0740664209,62.43339449322692
25.642281232390612,47394.89912873196,57.52822617479403
52.45363068424976,135449.41226371742,84.15241316556691
24.375633248928175,43195.1691709046,59.283987405859364
46.87028284923786,107596.7946894021,92.35323338888001
64.23470527773479,47312.13350209633,23.420774460899075
68.28271469105125,64114.03804814268,30.04434806217417
51.23871036336867,118173.78737425075,77.8704621966777
49.16764480804462,116944.89374734552,99.2024871408761
67.08605890123002,60305.903959680225,22.352307035654462
20.609455155603644,47694.55021842329,66.48709887589642
45.62612251323954,131675.41614249957,100.20952548602406
46.54416506299482,79451.51560501145,91.60078611734107
26.212152570443614,42564.37308117652,60.46436548156149
45.17041734129613,105024.21841217563,95.12566272691761
22.697957311335852,37148.87640054772,57.19324923133226
40.80395166330497,129230.5122601958,74.5294368070471
60.93461208598607,63113.27356534343,4.551598168379208
28.406696920541798,44722.07664544773,61.975996046923996
26.682353579104703,40389.173379111875,69.24633682912769
65.9885650474191,73996.67123364337,34.97838600434292
56.30212868180882,71450.93425464947,30.929766222226352
52.506668259777435,148498.22902342823,78.46329095145447
47.06899548725749,105608.4114491478,79.79997935341233
49.37471686023719,62622.56938274468,44.15670250032852
61.29648088071846,60655.964451308486,38.02385765709488
46.34296139431628,122857.495196686,68.96910108474597
26.76495161945373,43125.89596225201,62.387891590265134
55.89275751991514,61578.33812504965,19.32911006126011
22.893840718367944,45386.84153823809,70.66674689589154
29.569089569224076,45234.90296882371,55.377247112949576
47.53917878144812,113467.70444145236,75.08593284117222
49.19245387225821,133559.02261629293,84.12312156859335
42.08461280715531,115452.30325748587,89.04376127333302
24.35965854486446,37966.69451575889,51.53038651681672
35.03132178714272,106830.26119865158,75.45090534594816
43.95488371356987,121131.50458352389,88.12371879943112
24.76869487175769,46634.63686882082,68.40643548988724
23.201822063667933,38323.2782064495,73.920022863446
61.974921013953974,66867.60893325332,36.41780803615092
43.745834917724764,105382.06042994038,92.50056110101247
53.558542400711715,114497.63382277968,61.476890922685755
48.168884404660496,116602.73851725252,83.20115214553537
69.03716741580092,59811.5827930061,36.754570322092256
22.3484276913966,43650.625323533146,77.97686526849523
46.90579192441389,134293.1182080441,91.99511344570182
27.038793246804026,50470.957592354745,49.77207434801595
47.095095046830224,107952.31573979482,82.99962788320838
65.1148866644945,57761.918652033324,8.569602096790668
27.47624904696409,42275.40456595525,68.70067730688754
26.76057128140081,41183.70421728741,71.95046628924842
23.971856450419693,38007.1621309043,60.28744822934817
25.073530522776828,48538.759677277376,67.58928589786765
41.221274202535774,108012.1199002462,87.95713753758476
55.786541066327516,106444.47208904808,79.98626220328028
77.53723233016864,65772.50004100915,26.58149407956395
42.268777758737585,122526.91464404421,67.91460628817043
35.818973134483514,122646.62332915838,78.52317184062683
26.07336208104485,48784.94308322676,73.99355436586002
21.426089508392053,46972.26071189148,65.69767280232205
22.33145671112343,45092.09189594776,61.28104414910789
63.917649909425556,75940.12282534495,15.561589735330266
67.77303599649166,54482.17780748661,23.310923362700144
29.649803215052618,45236.99335658207,54.97945775647389
63.0937094194626,61915.23600428302,20.900615173348918
70.9240070995346,68583.82438212809,27.529686829435917
24.54464471489325,43798.373009209325,70.30283454031843
21.262783663864035,46668.31052643474,53.180157520022014
18.924572240027178,49115.85291980957,47.74234336997659
58.57367792210571,62043.07004539454,38.17631412531537
21.286553503519453,47446.87280613959,80.76747983560841
62.47542923791368,60027.00405277729,27.23370449783699
71.35961830427973,52737.95055882464,44.47193419856179
70.03364300281767,54126.60960977204,27.893232654009413
20.455458325942406,40719.58087045566,60.26885838994531
66.24360397639366,64976.55992244839,34.01011700693877
63.853833424398985,49388.222973511336,31.482572351466988
26.419712873720634,42703.19550229878,75.0339830176715
67.13368009271396,69957.4366458943,20.003327315990894
69.38458471439915,57639.28068609675,26.401941644701434
63.07599424665685,65212.17593071605,23.575978955805322
47.693779962231844,83636.39609590587,91.34790976441771
29.061617122496237,48407.50348686312,65.52489954417148
23.301106811191683,45240.42473330691,63.772118750645205
72.92782419363807,63861.5030976737,50.449266195065896
25.68237980381239,49178.46056032571,47.19695601329106
22.537953044944867,43369.882339160795,67.09003757588512
67.92723370922644,62720.410356551125,33.613288070300904
24.942951376291933,40253.00555584028,76.4201516013637
27.437577467182592,44438.35975154585,53.87211309515614
19.7108795339118,39703.932390555245,54.690030449981826
24.67371955462943,57800.42269134397,46.10427533236404
28.474332620500203,45092.16966532697,63.02635465239033
25.779648382745272,32641.777499363554,78.46636996047665
22.480834473457673,45888.50500466627,61.798941511534785
27.045858913884892,45571.1382433102,84.03415585238275
62.07662861531868,48411.268682931644,35.50064044261781
24.096688913232132,44554.399802436055,63.82409746184051
38.15098510210461,93473.40951655722,86.86572905010802
22.271837635615782,47716.80096189967,49.7348470058894
70.34229898111872,73599.65899661105,40.51256151035753
47.7811500470033,118194.28254069603,78.89820177147028
59.011636236113524,64957.69156772909,24.909163999223477
22.523508409622465,46280.148671569375,71.89470488924641
40.823264733701215,104637.19763506192,83.31095808937845
63.94487357340757,52670.46467615006,51.06570837978588
46.94289302265482,103917.9148202159,89.3702739840296
52.35585163746804,144230.6353420416,84.85032994843282
22.27592777343637,50896.48592031913,60.82283989275424
24.656380464242147,45141.591880652304,62.23914134064661
69.70034305569557,49446.02244320986,23.685025721790947
32.04478853927545,115568.97884791456,95.99550474536653
23.422734934957717,48052.928726419115,44.29499396376823
62.69617236828589,54917.10088939496,23.162004861134896
25.725886814698104,37329.42914632189,74.46977884353733
45.38002695706206,108791.82481278265,91.48646618527826
62.126975263949575,57035.93521127977,31.02251339560681
30.29636272084329,43845.32734895661,74.76540349725896
67.45191686888403,64426.00975987827,16.72447785106039
30.628512517647657,47295.900396142184,57.753668500029754
27.34546861533193,41015.52372264762,49.29915233673847
66.38420543431211,54273.920087113984,28.189947461199658
41.150133844706794,124526.878497292,78.070601214284
44.135269700382885,116416.01851245458,89.7484537782469
68.61912458649405,50813.89368997906,48.7609603059853
23.26928903301279,36695.195332420044,50.31655545136365
51.09380925848659,107304.65017513689,88.97359378589218
24.29753987582999,42749.67264260378,55.65503772567684
62.17974711344299,58996.3659199768,51.990684521750424
25.3327677691296,51843.157787661745,74.533844771177
22.681524356387285,45546.97397302446,53.48581996385552
41.490041560966226,130445.81171185074,87.13701320809187
62.37968158375643,60687.144050346644,35.784800728024635
40.575986429865495,128201.00352302068,94.07016077493651
63.02828914550609,66491.17243593273,25.78302917143521
24.29758912915246,48114.24966173749,56.908278765313604
27.926635381367078,39010.610537055756,66.32931817755511
41.0755084345888,108862.94121452927,80.0587848365252
21.39911077883267,43771.28467957028,58.273727000591805
43.52525160853986,118759.78971235952,82.85175481675334
65.12531892977577,59462.57367960516,24.410333170582046
23.67986653990905,31745.150958034938,55.32298798688109
66.13823700566238,49947.944845765946,29.622729955502685
50.42947782915789,124846.18909674043,75.44859994880755
61.11474916618904,83882.07202082728,40.14189565421186
47.827548228157724,127668.03899287472,74.23303261221429
41.75361227466996,110966.8190945733,86.27885113597921
29.614109699397908,33490.39417632208,52.01702755461546
23.014640605694836,38550.19550129473,62.24451818559972
35.12266716823064,136200.72098571973,77.64492326730861
23.796338584342493,41484.11787437056,84.39752406339272
28.47578673702221,49355.62351715846,61.9652116970147
65.91054795349244,48951.6431747698,11.416580413635039
49.81939558397455,112667.25867320588,84.21129494172591
41.23291064826908,116116.42539443885,88.45538035739152
44.50555173404429,104854.03942935093,82.03991176094299
63.8652776553378,68171.06636343518,22.705496871890183
26.238342780809496,42959.623134892245,74.40117215449473
48.76670810552266,117938.27228058463,81.19023301164273
46.20376589744284,110188.86475308864,79.73506808739795
47.68326376263643,127337.80695221495,83.84385063427585
38.951526285794465,121017.83265791104,93.80767707998857
51.72882853202296,55603.54291273136,24.153564945660875
37.90817133533484,115361.86384425205,80.93487841882151
59.58769067385494,61414.56697711518,43.091765102231605
27.302304187458727,44288.102574893535,55.212513783365225
26.541357852736628,38776.726483442915,66.35171801681969
51.64097070924529,136606.2100393046,72.1395210850482
47.09766221953514,119444.44804427381,94.63107549735054
24.322671098540393,53776.70421221602,74.0934744018558
26.545143058918143,36106.39875547861,70.49552715319335
27.925359200253254,50145.77818662822,57.558433647093516
45.244300351628524,117447.23066212608,70.57488258995244
44.35089650133287,136331.22929556278,88.53552519655527
45.922756515985185,130070.10114675699,75.88933505775384
34.23554703523759,121292.15824569562,84.88438183297377
23.660455143798938,45357.83118609696,62.08382807947552
58.33125225837781,60607.642143328696,37.55435501066173
53.17937709372899,64444.10117073799,48.754665222098374
22.722602015338907,47798.9522396552,50.10371863429663
19.243686354102877,46352.28412889919,56.92221765046999
47.279438860408035,87409.95680978947,78.84686120170161
35.990097812099904,124886.9447487325,95.09537200571194
23.199349368523617,53761.35221711811,55.718848390340874
47.84491539592638,102451.24746434568,84.73416007484431
67.5103893253321,55146.39764187763,4.990644726016939
52.807555983634266,123017.39483809259,89.12942629691966
70.3213243405838,38914.01808786498,21.38497331102878
40.134655295592225,110882.67019358352,90.16172468760045
47.18469084873175,118805.37913131427,87.15301552996085
23.575164066517132,31515.56678529214,66.52322878413419
45.07344097364599,122919.11182855864,86.57852565924476
45.40914679273782,84556.01346687242,84.29309632635731
55.03046444079561,108720.46002391771,84.39388570771632
59.21744644273633,65433.142203505566,33.16824097600404
51.04183115296571,108059.61214794766,76.42514213567875
62.87575573435386,61802.463376327534,53.84473334039329
41.78240884809929,111970.07721069116,91.63579873545399
53.362861934188516,133703.76939349875,96.13972240051463
41.21602455715269,116381.13518072186,86.70634965898351
73.53421917019105,59491.80340307716,34.59586781689114
65.11769994616394,51842.68529046307,50.22017134450211
42.23205879146003,112009.48740507133,85.86847764621218
